flow	severity	file	line	function	status	description	confidence	timestamp
smoke-prod	OK	-	-	-	pass	smoke:health — Server healthy (HTTP 200)	100	2026-03-20T12:12
smoke-prod	OK	-	-	-	pass	smoke:players_returns_data — Returns 200 players	100	2026-03-20T12:12
smoke-prod	OK	-	-	-	pass	smoke:position_filter_qb — All 50 checked are QBs	100	2026-03-20T12:12
smoke-prod	OK	-	-	-	pass	smoke:position_filter_wr — All 50 checked are WRs	100	2026-03-20T12:12
smoke-prod	OK	-	-	-	pass	smoke:sort_ppr_desc — PPR sort descending is correct	100	2026-03-20T12:12
smoke-prod	OK	-	-	-	pass	smoke:season_switch — Different seasons return different data	100	2026-03-20T12:12
smoke-prod	OK	-	-	-	pass	smoke:week_filter — Week filter OK: season=21gp, week1=1gp	100	2026-03-20T12:12
smoke-prod	OK	-	-	-	pass	smoke:screener_query — Screener returns 10 RBs, all correct	100	2026-03-20T12:12
smoke-prod	OK	-	-	-	pass	smoke:no_nan_stats — No NaN/Inf in first 50 players	100	2026-03-20T12:12
smoke-prod	OK	-	-	-	pass	smoke:filter_options — Returns positions and teams	100	2026-03-20T12:12
1	P0	backend/server.py	-	GZipMiddleware	ticket	FUNC-001: Double compression (GZip+Cloudflare Brotli) breaks Lab init — filter-options returns gzip bytes as JSON	100	2026-03-20T12:20
1	P0	frontend/lab.js	2877	populateSeasonSelect	ticket	FUNC-001 cascade: #seasonSelect null crash during init because filter-options failed	100	2026-03-20T12:20
1	P0	-	-	-	ticket	FUNC-001 cascade: Page crash — Cannot read properties of null (reading classList)	100	2026-03-20T12:20
1	OK	-	-	-	pass	Landing page loads clean — 0 JS errors, tiger mascot, live data widget, CTAs work	100	2026-03-20T12:10
2	OK	-	-	-	pass	Position filter: QB/RB/WR/TE all return only correct position (50 each verified)	100	2026-03-20T12:16
3	OK	-	-	-	pass	Multi-filter: RB + 800+ rush yds returns 27 players, all correct	100	2026-03-20T12:16
4	OK	-	-	-	pass	Sort: PPR desc correct (McCaffrey 458.4 > Puka 452.6 > Maye 416.9). Asc correct too.	100	2026-03-20T12:17
5	P1	backend/live_data/players.py	131	fetch_players	ticket	FUNC-002: Search fails for hyphens/apostrophes — Amon-Ra, Ja'Marr, D'Andre all return 0	100	2026-03-20T12:18
6	OK	-	-	-	pass	Season switch: 2025/2024/2023 return different top players and different counts	100	2026-03-20T12:19
7	OK	-	-	-	pass	Week filter: screener POST with week=1 returns 1 game per player (production)	100	2026-03-20T12:19
18	OK	-	-	-	pass	Dynasty rankings: correct order (young elite WRs/RBs at top, age-adjusted)	90	2026-03-20T12:21
18	P2	backend/live_data/dynasty.py	-	dynasty_value	ticket	FUNC-003: Top 7 players all at 100.0 dynasty value — ceiling clustering reduces usefulness	80	2026-03-20T12:21
19	OK	-	-	-	pass	Trade values: order sensible, same clustering issue as dynasty rankings	90	2026-03-20T12:21
20	OK	-	-	-	pass	Trade finder: buy low/sell high suggestions reasonable (Jeanty, Hampton as buy targets)	90	2026-03-20T12:22
32	OK	-	-	-	pass	Target share: per-team sums 89-93% (expected — top 8 players don't capture all)	90	2026-03-20T12:23
36	OK	-	-	-	pass	Efficiency metrics: 0 NaN/Inf in 200 players checked — division-by-zero guards work	100	2026-03-20T12:23
smoke	OK	-	-	-	pass	smoke:health — Server healthy (HTTP 200)
smoke	OK	-	-	-	pass	smoke:players_returns_data — Returns 200 players
smoke	OK	-	-	-	pass	smoke:position_filter_qb — All 50 checked are QBs
smoke	OK	-	-	-	pass	smoke:position_filter_wr — All 50 checked are WRs
smoke	OK	-	-	-	pass	smoke:sort_ppr_desc — PPR sort descending is correct
smoke	OK	-	-	-	pass	smoke:season_switch — Different seasons return different data
smoke	P0	backend/live_data/players.py	-	_fetch_screener_uncached	ticket	smoke:week_filter — Week 1 player has 21 games — week filter not working
smoke	OK	-	-	-	pass	smoke:screener_query — Screener returns 10 RBs, all correct
smoke	OK	-	-	-	pass	smoke:no_nan_stats — No NaN/Inf in first 50 players
smoke	OK	-	-	-	pass	smoke:no_negative_stats — No impossible negative values
smoke	OK	-	-	-	pass	smoke:filter_options — Returns positions and teams
smoke	OK	-	-	-	pass	smoke:health — Server healthy (HTTP 200)
smoke	OK	-	-	-	pass	smoke:players_returns_data — Returns 200 players
smoke	OK	-	-	-	pass	smoke:position_filter_qb — All 50 checked are QBs
smoke	OK	-	-	-	pass	smoke:position_filter_wr — All 50 checked are WRs
smoke	OK	-	-	-	pass	smoke:sort_ppr_desc — PPR sort descending is correct
smoke	OK	-	-	-	pass	smoke:season_switch — Different seasons return different data
smoke	P0	backend/live_data/players.py	-	_fetch_screener_uncached	ticket	smoke:week_filter — Week 1 player has 21 games — week filter not working
smoke	OK	-	-	-	pass	smoke:screener_query — Screener returns 10 RBs, all correct
smoke	OK	-	-	-	pass	smoke:no_nan_stats — No NaN/Inf in first 50 players
smoke	OK	-	-	-	pass	smoke:no_negative_stats — No impossible negative values
smoke	OK	-	-	-	pass	smoke:filter_options — Returns positions and teams
8	OK	-	-	-	pass	Universe toggle: college endpoint returns real college data (Ward 4111yd, Jeanty 2495yd)	95	2026-03-20T12:45
8	OK	-	-	-	pass	Universe toggle: separate endpoints /api/college/players and /api/prospects used correctly	100	2026-03-20T12:45
8	OK	-	-	-	pass	Universe toggle: NFL_ONLY_PANELS (45 panels) hidden in college mode, COLLEGE_ONLY_PANELS in NFL mode	100	2026-03-20T12:45
8	P2	backend/live_data/prospects.py	-	fetch_prospects	info	Prospects 2026: all 319 have draft_pick=null (expected — draft hasn't happened), sort=alphabetical	70	2026-03-20T12:45
8	BLOCKED	-	-	-	info	UI toggle untestable — FUNC-001 prevents Lab rendering on both local and production	100	2026-03-20T12:45
9	OK	-	-	-	pass	Column picker: 87 NFL columns, 8 presets, all preset keys valid in COLUMNS	100	2026-03-20T12:55
9	OK	-	-	-	pass	Column picker: URL serialization per-universe (NFL/College/Prospects separate state)	100	2026-03-20T12:55
9	OK	-	-	-	pass	Column picker: API returns 106 fields per player — all columns have data	100	2026-03-20T12:55
9	BLOCKED	-	-	-	info	Column picker UI interaction untestable — FUNC-001 prevents Lab rendering	100	2026-03-20T12:55
11	OK	-	-	-	pass	Pagination: 25/page, no overlap, sort correct across pages (PPR desc: 458>183>170>94)	100	2026-03-20T13:00
11	OK	-	-	-	pass	Pagination: beyond total returns empty, alt sort (rush_yds) persists across pages	100	2026-03-20T13:00
11	BLOCKED	-	-	-	info	Pagination UI (next/prev/page count) untestable — FUNC-001	100	2026-03-20T13:00
smoke	OK	-	-	-	pass	smoke:health — Server healthy (HTTP 200)
smoke	OK	-	-	-	pass	smoke:players_returns_data — Returns 200 players
smoke	OK	-	-	-	pass	smoke:position_filter_qb — All 50 checked are QBs
smoke	OK	-	-	-	pass	smoke:position_filter_wr — All 50 checked are WRs
smoke	OK	-	-	-	pass	smoke:sort_ppr_desc — PPR sort descending is correct
smoke	OK	-	-	-	pass	smoke:season_switch — Different seasons return different data
smoke	P0	backend/live_data/players.py	-	_fetch_screener_uncached	ticket	smoke:week_filter — Week 1 player has 21 games — week filter not working
smoke	OK	-	-	-	pass	smoke:screener_query — Screener returns 10 RBs, all correct
smoke	OK	-	-	-	pass	smoke:no_nan_stats — No NaN/Inf in first 50 players
smoke	OK	-	-	-	pass	smoke:no_negative_stats — No impossible negative values
smoke	OK	-	-	-	pass	smoke:filter_options — Returns positions and teams
13	OK	-	-	-	pass	Player profile: structure correct (player, seasons, career, combine)	100	2026-03-20T13:10
13	OK	-	-	-	pass	Player profile: screener/profile data match (Allen: PPR 416.76, GP 18, PassYds 4224)	100	2026-03-20T13:10
13	OK	-	-	-	pass	Player profile: week sum matches season total (Mahomes 285.7 vs 285.68)	100	2026-03-20T13:10
13	P1	data/terminal.db	-	headshot_url	ticket	FUNC-004: ALL player headshots NULL on production (0/20 top players)	100	2026-03-20T13:10
21	OK	-	-	-	pass	Tiers: loads with 6 tiers (S/A/B/C/D/F), position filter correct (0 leaks)	100	2026-03-20T13:20
21	P2	backend/live_data/dynasty.py	-	tier thresholds	info	S-tier bloated: 76 players (S>=80). Related to FUNC-003 value ceiling clustering.	80	2026-03-20T13:20
21	OK	-	-	-	pass	Tiers: dynasty ordering sensible (Nacua/JSN/Bijan at top, aging vets at bottom S)	90	2026-03-20T13:20
33	OK	-	-	-	pass	Snap efficiency: calculations correct (pts/snap = total_ppr / snaps, all 5 checked match)	100	2026-03-20T13:25
33	OK	-	-	-	pass	Snap efficiency: position filter works (0 leaks on RB filter)	100	2026-03-20T13:25
33	P2	backend/live_data/analytics.py	-	fetch_snap_efficiency	info	No minimum snap threshold — Willis (98 snaps, 4 GP) ranks #2. Small samples inflate rates.	70	2026-03-20T13:25
35	OK	-	-	-	pass	Opportunity share: alpha dogs data correct (McCaffrey 44.5%, 480 opps, team total ~1079)	95	2026-03-20T13:30
35	OK	-	-	-	pass	Opportunity share: dominator ratings populated (Taylor 85.4%, Jeanty 84.4%)	90	2026-03-20T13:30
35	P2	backend/live_data/analytics.py	-	fetch_opportunity_share	ticket	FUNC-005: Dominators rec_yd_share and rec_td_share all null for 30 players	80	2026-03-20T13:30
34	OK	-	-	-	pass	Red zone: goal-line dominators correct (Henry 27 GL carries, 10 GL TDs)	100	2026-03-20T13:35
34	OK	-	-	-	pass	Red zone: gl_opportunities = gl_carries + gl_targets verified (3/3 match)	100	2026-03-20T13:35
34	OK	-	-	-	pass	Red zone: TD dependent sorted by td_pct_of_fantasy (Heyward 65.7% highest)	95	2026-03-20T13:35
43	OK	-	-	-	pass	VORP: calculations exact (PPG - repl = VORP, 6/6 match to 2dp)	100	2026-03-20T13:40
43	OK	-	-	-	pass	VORP: thresholds sensible (QB12=17.47, RB24=12.16, WR36=11.17, TE12=11.06 PPG)	95	2026-03-20T13:40
43	P2	-	-	-	info	VORP: no vorp_tier field in API (elite/starter/flex/fringe/replacement badges missing)	60	2026-03-20T13:40
22	OK	-	-	-	pass	Aging curves: data populated for all 4 positions (QB 72, RB 116, WR 146, TE 120 age points)	100	2026-03-20T13:45
22	OK	-	-	-	pass	Aging curves: RB peak at 23.6 is correct (early peak, fast decline)	95	2026-03-20T13:45
22	P2	backend/live_data/analytics.py	-	fetch_aging_curves	info	WR/TE curves show false peaks at 31-32 (survivorship bias: n=5 at peak vs n=200+ at 25)	80	2026-03-20T13:45
37	OK	-	-	-	pass	TD regression: td_diff correct (actual-expected, 6/6 match exact)	100	2026-03-20T13:50
37	OK	-	-	-	pass	TD regression: expected=opps*(avg_rate/100) verified (Ward 27.2≈27.3, Stafford 29.4≈29.5)	100	2026-03-20T13:50
37	OK	-	-	-	pass	TD regression: position TD rates sensible (QB 4.7%, RB 3.3%, WR 4.9%, TE 5.8%)	95	2026-03-20T13:50
smoke	OK	-	-	-	pass	smoke:health — Server healthy (HTTP 200)
smoke	OK	-	-	-	pass	smoke:players_returns_data — Returns 200 players
smoke	OK	-	-	-	pass	smoke:position_filter_qb — All 50 checked are QBs
smoke	OK	-	-	-	pass	smoke:position_filter_wr — All 50 checked are WRs
smoke	OK	-	-	-	pass	smoke:sort_ppr_desc — PPR sort descending is correct
smoke	OK	-	-	-	pass	smoke:season_switch — Different seasons return different data
smoke	P0	backend/live_data/players.py	-	_fetch_screener_uncached	ticket	smoke:week_filter — Week 1 player has 21 games — week filter not working
smoke	OK	-	-	-	pass	smoke:screener_query — Screener returns 10 RBs, all correct
smoke	OK	-	-	-	pass	smoke:no_nan_stats — No NaN/Inf in first 50 players
smoke	OK	-	-	-	pass	smoke:no_negative_stats — No impossible negative values
smoke	OK	-	-	-	pass	smoke:filter_options — Returns positions and teams
smoke	OK	-	-	-	pass	smoke:health — Server healthy (HTTP 200)
smoke	OK	-	-	-	pass	smoke:players_returns_data — Returns 200 players
smoke	OK	-	-	-	pass	smoke:position_filter_qb — All 50 checked are QBs
smoke	OK	-	-	-	pass	smoke:position_filter_wr — All 50 checked are WRs
smoke	OK	-	-	-	pass	smoke:sort_ppr_desc — PPR sort descending is correct
smoke	OK	-	-	-	pass	smoke:season_switch — Different seasons return different data
smoke	P0	backend/live_data/players.py	-	_fetch_screener_uncached	ticket	smoke:week_filter — Week 1 player has 21 games — week filter not working
smoke	OK	-	-	-	pass	smoke:screener_query — Screener returns 10 RBs, all correct
smoke	OK	-	-	-	pass	smoke:no_nan_stats — No NaN/Inf in first 50 players
smoke	OK	-	-	-	pass	smoke:no_negative_stats — No impossible negative values
smoke	OK	-	-	-	pass	smoke:filter_options — Returns positions and teams
smoke	OK	-	-	-	pass	smoke:health — Server healthy (HTTP 200)
smoke	OK	-	-	-	pass	smoke:players_returns_data — Returns 200 players
smoke	OK	-	-	-	pass	smoke:position_filter_qb — All 50 checked are QBs
smoke	OK	-	-	-	pass	smoke:position_filter_wr — All 50 checked are WRs
smoke	OK	-	-	-	pass	smoke:sort_ppr_desc — PPR sort descending is correct
smoke	OK	-	-	-	pass	smoke:season_switch — Different seasons return different data
smoke	P0	backend/live_data/players.py	-	_fetch_screener_uncached	ticket	smoke:week_filter — Week 1 player has 21 games — week filter not working
smoke	OK	-	-	-	pass	smoke:screener_query — Screener returns 10 RBs, all correct
smoke	OK	-	-	-	pass	smoke:no_nan_stats — No NaN/Inf in first 50 players
smoke	OK	-	-	-	pass	smoke:no_negative_stats — No impossible negative values
smoke	OK	-	-	-	pass	smoke:filter_options — Returns positions and teams
smoke	OK	-	-	-	pass	smoke:health — Server healthy (HTTP 200)
smoke	OK	-	-	-	pass	smoke:players_returns_data — Returns 200 players
smoke	OK	-	-	-	pass	smoke:position_filter_qb — All 50 checked are QBs
smoke	OK	-	-	-	pass	smoke:position_filter_wr — All 50 checked are WRs
smoke	OK	-	-	-	pass	smoke:sort_ppr_desc — PPR sort descending is correct
smoke	OK	-	-	-	pass	smoke:season_switch — Different seasons return different data
smoke	OK	-	-	-	pass	smoke:week_filter — Week filter OK: season=21gp, week1=1gp
smoke	OK	-	-	-	pass	smoke:screener_query — Screener returns 10 RBs, all correct
smoke	OK	-	-	-	pass	smoke:no_nan_stats — No NaN/Inf in first 50 players
smoke	P1	-	-	-	ticket	smoke:no_negative_stats — HTTP 0
smoke	OK	-	-	-	pass	smoke:filter_options — Returns positions and teams
smoke	OK	-	-	-	pass	smoke:health — Server healthy (HTTP 200)
smoke	OK	-	-	-	pass	smoke:players_returns_data — Returns 200 players
smoke	OK	-	-	-	pass	smoke:position_filter_qb — All 50 checked are QBs
smoke	OK	-	-	-	pass	smoke:position_filter_wr — All 50 checked are WRs
smoke	OK	-	-	-	pass	smoke:sort_ppr_desc — PPR sort descending is correct
smoke	OK	-	-	-	pass	smoke:season_switch — Different seasons return different data
smoke	P0	backend/live_data/players.py	-	_fetch_screener_uncached	ticket	smoke:week_filter — Week 1 player has 21 games — week filter not working
smoke	OK	-	-	-	pass	smoke:screener_query — Screener returns 10 RBs, all correct
smoke	OK	-	-	-	pass	smoke:no_nan_stats — No NaN/Inf in first 50 players
smoke	OK	-	-	-	pass	smoke:no_negative_stats — No impossible negative values
smoke	OK	-	-	-	pass	smoke:filter_options — Returns positions and teams
1	P0	ship/launch-fixes	-	deployment	ticket	re-audit: FUNC-001/002/003 code-fixed but NOT DEPLOYED to production (FUNC-006). Lab still crashes.	100	2026-03-20T17:00
5	P1	ship/launch-fixes	-	deployment	ticket	re-audit: FUNC-002 search fix not deployed. Amon-Ra/Ja'Marr still return 0 on prod.	100	2026-03-20T17:00
18	P2	ship/launch-fixes	-	deployment	ticket	re-audit: FUNC-003 dynasty ceiling fix not deployed. Top 7 still at 100.0 on prod.	100	2026-03-20T17:00
14	OK	-	-	-	pass	Career stats: Lamar 8-season sum matches career totals exactly (GP=124, PPR=2531.04, PassYds=24361, RushYds=7163)	100	2026-03-20T17:03
15	OK	-	-	-	pass	Game log: 19 weeks for Lamar 2024, PPR sum=471.54 matches season total, week 1 data correct	100	2026-03-20T17:03
16	OK	-	-	-	pass	Player comparison: Jackson vs Stroud 2024 — data aligned, same season, correct stats	100	2026-03-20T17:04
24	OK	-	-	-	pass	Cheat sheet: 4 position groups, Jackson QB#1 PPG=24.82, tiers and ranks correct	95	2026-03-20T17:05
25	OK	-	-	-	pass	Weekly heatmap: 22 weeks data for QBs, sums match season totals (471.6 vs 471.5 rounding)	95	2026-03-20T17:05
29	OK	-	-	-	pass	Breakouts: 50 candidates, RBS scores present (Rattler #1 RBS=70.0), opp/prod gap logic correct	85	2026-03-20T17:06
29	P2	-	-	-	info	Breakouts: snap_pct=0 for all candidates due to FUNC-007 (offense_snaps NULL in DB)	80	2026-03-20T17:06
38	OK	-	-	-	pass	Garbage time: clean producers sensible (Jackson 4.2% GT, Chase 2.8%, Allen 3.7%)	90	2026-03-20T17:06
38	P2	backend/live_data/dashboards.py	-	fetch_garbage_time	info	Garbage time: no gt_ppg/clean_ppg split in API — only total PPG + GT%. Backup scrubs dominate padders.	70	2026-03-20T17:06
40	OK	-	-	-	pass	Dual threat: DTI=geometric mean verified exact (Kamara 51.3, Barkley 46.7, Gibbs 49.3)	100	2026-03-20T17:07
41	OK	-	-	-	pass	Consistency: CoV/StdDev/floor/ceiling verified from weekly data (Lamar CoV=0.245, Grade=A+)	100	2026-03-20T17:07
42	P1	adapters/nflverse_adapter.py	-	snap import	ticket	FUNC-007: snaps_pg=0.0 and snap_pct=None for ALL 50 workload players — offense_snaps NULL in DB	100	2026-03-20T17:08
44	OK	-	-	-	pass	Scoring: nflverse PPR ground truth, small diffs from 2pt conversions/fumbles not in basic fields	90	2026-03-20T17:08
smoke	OK	-	-	-	pass	smoke:health — Server healthy (HTTP 200)
smoke	OK	-	-	-	pass	smoke:players_returns_data — Returns 200 players
smoke	OK	-	-	-	pass	smoke:position_filter_qb — All 50 checked are QBs
smoke	OK	-	-	-	pass	smoke:position_filter_wr — All 50 checked are WRs
smoke	OK	-	-	-	pass	smoke:sort_ppr_desc — PPR sort descending is correct
smoke	OK	-	-	-	pass	smoke:season_switch — Different seasons return different data
smoke	P0	backend/live_data/players.py	-	_fetch_screener_uncached	ticket	smoke:week_filter — Week 1 player has 21 games — week filter not working
smoke	OK	-	-	-	pass	smoke:screener_query — Screener returns 10 RBs, all correct
smoke	OK	-	-	-	pass	smoke:no_nan_stats — No NaN/Inf in first 50 players
smoke	OK	-	-	-	pass	smoke:no_negative_stats — No impossible negative values
smoke	OK	-	-	-	pass	smoke:filter_options — Returns positions and teams
smoke	OK	-	-	-	pass	smoke:health — Server healthy (HTTP 200)
smoke	OK	-	-	-	pass	smoke:players_returns_data — Returns 200 players
smoke	OK	-	-	-	pass	smoke:position_filter_qb — All 50 checked are QBs
smoke	OK	-	-	-	pass	smoke:position_filter_wr — All 50 checked are WRs
smoke	OK	-	-	-	pass	smoke:sort_ppr_desc — PPR sort descending is correct
smoke	OK	-	-	-	pass	smoke:season_switch — Different seasons return different data
smoke	OK	-	-	-	pass	smoke:week_filter — Week filter OK: season=21gp, week1=1gp
smoke	OK	-	-	-	pass	smoke:screener_query — Screener returns 10 RBs, all correct
smoke	OK	-	-	-	pass	smoke:no_nan_stats — No NaN/Inf in first 50 players
smoke	P1	-	-	-	ticket	smoke:no_negative_stats — HTTP 0
smoke	OK	-	-	-	pass	smoke:filter_options — Returns positions and teams
smoke	OK	-	-	-	pass	smoke:health — Server healthy (HTTP 200)
smoke	OK	-	-	-	pass	smoke:players_returns_data — Returns 200 players
smoke	OK	-	-	-	pass	smoke:position_filter_qb — All 50 checked are QBs
smoke	OK	-	-	-	pass	smoke:position_filter_wr — All 50 checked are WRs
smoke	OK	-	-	-	pass	smoke:sort_ppr_desc — PPR sort descending is correct
smoke	OK	-	-	-	pass	smoke:season_switch — Different seasons return different data
smoke	P0	backend/live_data/players.py	-	_fetch_screener_uncached	ticket	smoke:week_filter — Week 1 player has 21 games — week filter not working
smoke	OK	-	-	-	pass	smoke:screener_query — Screener returns 10 RBs, all correct
smoke	OK	-	-	-	pass	smoke:no_nan_stats — No NaN/Inf in first 50 players
smoke	OK	-	-	-	pass	smoke:no_negative_stats — No impossible negative values
smoke	OK	-	-	-	pass	smoke:filter_options — Returns positions and teams
smoke-local	P0	backend/live_data/players.py	252	_fetch_screener_uncached	local-only	week filter returns season totals on local server (stale code). Production PASSES (week=1 returns 1 game).	90	2026-03-20T13:20
smoke-prod	OK	-	-	-	pass	smoke:week_filter — Week filter OK: season=21gp, week1=1gp	100	2026-03-20T13:15
smoke-prod	FAIL	functional-qa/tests/smoke.py	-	no_negative_stats	infra	smoke:no_negative_stats — HTTP 0 due to gzip decode error in test script against prod	80	2026-03-20T13:15
10-pin-player	OK	frontend/lab.js	4401	togglePinPlayer	pass	Pin: max 5 cap, localStorage+URL persist, diff mode, bulk pin, clear all. Code PASS.	95	2026-03-20T13:30
10-pin-player	P2	frontend/lab.js	4486	renderPinnedRows	open	Pinned rows vanish when filtered out of state.items — pin ID stored but row cant render if player not in current result set	85	2026-03-20T13:30
12-url-state	OK	frontend/lab.js	3677	saveStateToURL	pass	URL state: 24 call sites, all filter/sort/col/visual state serialized, validated on restore. Code PASS.	95	2026-03-20T13:35
17-player-charts	OK	frontend/lab.js	6638	drawProfileArc	pass	Charts: career arc, comp radar, scatter, heat map. All position-colored, div-by-zero guarded, DPI-scaled. API data correct.	95	2026-03-20T13:40
23-career-compare	OK	frontend/career-compare.html	615	renderComparison	pass	Career compare: 3 slots, autocomplete, PPG chart, career summary table, season-by-season. API returns complete data. Code PASS.	95	2026-03-20T13:45
26-weekly-leaders	OK	frontend/lab-panels.js	4104	weeklyleaders	pass	Weekly leaders: ranked performers, Barkley Wk1 2024 = 33.2 PPR verified exact. Position filter, sort, top 3 badges.	95	2026-03-20T13:50
26-weekly-leaders	P2	frontend/lab-panels.js	4244	renderWKL	note	Zero stat values show '-' instead of '0' due to JS falsy (0 || '-'). Cosmetic, not misleading for fantasy.	70	2026-03-20T13:50
39-gamescript	OK	frontend/lab-panels.js	10214	gamescript	pass	Gamescript: positive/negative script splits. Barkley 22.2 PPG positive, B.Robinson 20.1 PPG negative. Sensible data.	95	2026-03-20T13:55
45-big-board	OK	frontend/lab-panels.js	8009	prospects	pass	Big Board: 319 prospects 2026 class, RPS scoring, 4 tiers, percentile bars, position filter. Field names aligned.	95	2026-03-20T14:00
smoke	OK	-	-	-	pass	smoke:health — Server healthy (HTTP 200)
smoke	OK	-	-	-	pass	smoke:players_returns_data — Returns 200 players
smoke	OK	-	-	-	pass	smoke:position_filter_qb — All 50 checked are QBs
smoke	OK	-	-	-	pass	smoke:position_filter_wr — All 50 checked are WRs
smoke	OK	-	-	-	pass	smoke:sort_ppr_desc — PPR sort descending is correct
smoke	OK	-	-	-	pass	smoke:season_switch — Different seasons return different data
smoke	P0	backend/live_data/players.py	-	_fetch_screener_uncached	ticket	smoke:week_filter — Week 1 player has 21 games — week filter not working
smoke	OK	-	-	-	pass	smoke:screener_query — Screener returns 10 RBs, all correct
smoke	OK	-	-	-	pass	smoke:no_nan_stats — No NaN/Inf in first 50 players
smoke	OK	-	-	-	pass	smoke:no_negative_stats — No impossible negative values
smoke	OK	-	-	-	pass	smoke:filter_options — Returns positions and teams
smoke	OK	-	-	-	pass	smoke:health — Server healthy (HTTP 200)
smoke	OK	-	-	-	pass	smoke:players_returns_data — Returns 200 players
smoke	OK	-	-	-	pass	smoke:position_filter_qb — All 50 checked are QBs
smoke	OK	-	-	-	pass	smoke:position_filter_wr — All 50 checked are WRs
smoke	OK	-	-	-	pass	smoke:sort_ppr_desc — PPR sort descending is correct
smoke	OK	-	-	-	pass	smoke:season_switch — Different seasons return different data
smoke	P0	backend/live_data/players.py	-	_fetch_screener_uncached	ticket	smoke:week_filter — Week 1 player has 21 games — week filter not working
smoke	OK	-	-	-	pass	smoke:screener_query — Screener returns 10 RBs, all correct
smoke	OK	-	-	-	pass	smoke:no_nan_stats — No NaN/Inf in first 50 players
smoke	OK	-	-	-	pass	smoke:no_negative_stats — No impossible negative values
smoke	OK	-	-	-	pass	smoke:filter_options — Returns positions and teams
smoke	OK	-	-	-	pass	smoke:health — Server healthy (HTTP 200)
smoke	OK	-	-	-	pass	smoke:players_returns_data — Returns 200 players
smoke	OK	-	-	-	pass	smoke:position_filter_qb — All 50 checked are QBs
smoke	OK	-	-	-	pass	smoke:position_filter_wr — All 50 checked are WRs
smoke	OK	-	-	-	pass	smoke:sort_ppr_desc — PPR sort descending is correct
smoke	OK	-	-	-	pass	smoke:season_switch — Different seasons return different data
smoke	P0	backend/live_data/players.py	-	_fetch_screener_uncached	ticket	smoke:week_filter — Week 1 player has 21 games — week filter not working
smoke	OK	-	-	-	pass	smoke:screener_query — Screener returns 10 RBs, all correct
smoke	OK	-	-	-	pass	smoke:no_nan_stats — No NaN/Inf in first 50 players
smoke	OK	-	-	-	pass	smoke:no_negative_stats — No impossible negative values
smoke	OK	-	-	-	pass	smoke:filter_options — Returns positions and teams
smoke	OK	-	-	-	pass	smoke:health — Server healthy (HTTP 200)
smoke	OK	-	-	-	pass	smoke:players_returns_data — Returns 200 players
smoke	OK	-	-	-	pass	smoke:position_filter_qb — All 50 checked are QBs
smoke	OK	-	-	-	pass	smoke:position_filter_wr — All 50 checked are WRs
smoke	OK	-	-	-	pass	smoke:sort_ppr_desc — PPR sort descending is correct
smoke	OK	-	-	-	pass	smoke:season_switch — Different seasons return different data
smoke	P0	backend/live_data/players.py	-	_fetch_screener_uncached	ticket	smoke:week_filter — Week 1 player has 21 games — week filter not working
smoke	OK	-	-	-	pass	smoke:screener_query — Screener returns 10 RBs, all correct
smoke	OK	-	-	-	pass	smoke:no_nan_stats — No NaN/Inf in first 50 players
smoke	OK	-	-	-	pass	smoke:no_negative_stats — No impossible negative values
smoke	OK	-	-	-	pass	smoke:filter_options — Returns positions and teams
smoke	OK	-	-	-	pass	smoke:health — Server healthy (HTTP 200)
smoke	OK	-	-	-	pass	smoke:players_returns_data — Returns 200 players
smoke	OK	-	-	-	pass	smoke:position_filter_qb — All 50 checked are QBs
smoke	OK	-	-	-	pass	smoke:position_filter_wr — All 50 checked are WRs
smoke	OK	-	-	-	pass	smoke:sort_ppr_desc — PPR sort descending is correct
smoke	OK	-	-	-	pass	smoke:season_switch — Different seasons return different data
smoke	P0	backend/live_data/players.py	-	_fetch_screener_uncached	ticket	smoke:week_filter — Week 1 player has 21 games — week filter not working
smoke	OK	-	-	-	pass	smoke:screener_query — Screener returns 10 RBs, all correct
smoke	OK	-	-	-	pass	smoke:no_nan_stats — No NaN/Inf in first 50 players
smoke	OK	-	-	-	pass	smoke:no_negative_stats — No impossible negative values
smoke	OK	-	-	-	pass	smoke:filter_options — Returns positions and teams
smoke	OK	-	-	-	pass	smoke:health — Server healthy (HTTP 200)
smoke	OK	-	-	-	pass	smoke:players_returns_data — Returns 200 players
smoke	OK	-	-	-	pass	smoke:position_filter_qb — All 50 checked are QBs
smoke	OK	-	-	-	pass	smoke:position_filter_wr — All 50 checked are WRs
smoke	OK	-	-	-	pass	smoke:sort_ppr_desc — PPR sort descending is correct
smoke	OK	-	-	-	pass	smoke:season_switch — Different seasons return different data
smoke	P0	backend/live_data/players.py	-	_fetch_screener_uncached	ticket	smoke:week_filter — Week 1 player has 21 games — week filter not working
smoke	OK	-	-	-	pass	smoke:screener_query — Screener returns 10 RBs, all correct
smoke	OK	-	-	-	pass	smoke:no_nan_stats — No NaN/Inf in first 50 players
smoke	OK	-	-	-	pass	smoke:no_negative_stats — No impossible negative values
smoke	OK	-	-	-	pass	smoke:filter_options — Returns positions and teams
smoke	OK	-	-	-	pass	smoke:health — Server healthy (HTTP 200)
smoke	OK	-	-	-	pass	smoke:players_returns_data — Returns 200 players
smoke	OK	-	-	-	pass	smoke:position_filter_qb — All 50 checked are QBs
smoke	OK	-	-	-	pass	smoke:position_filter_wr — All 50 checked are WRs
smoke	OK	-	-	-	pass	smoke:sort_ppr_desc — PPR sort descending is correct
smoke	OK	-	-	-	pass	smoke:season_switch — Different seasons return different data
smoke	P0	backend/live_data/players.py	-	_fetch_screener_uncached	ticket	smoke:week_filter — Week 1 player has 21 games — week filter not working
smoke	OK	-	-	-	pass	smoke:screener_query — Screener returns 10 RBs, all correct
smoke	OK	-	-	-	pass	smoke:no_nan_stats — No NaN/Inf in first 50 players
smoke	OK	-	-	-	pass	smoke:no_negative_stats — No impossible negative values
smoke	OK	-	-	-	pass	smoke:filter_options — Returns positions and teams
smoke	OK	-	-	-	pass	smoke:health — Server healthy (HTTP 200)
smoke	OK	-	-	-	pass	smoke:players_returns_data — Returns 200 players
smoke	OK	-	-	-	pass	smoke:position_filter_qb — All 50 checked are QBs
smoke	OK	-	-	-	pass	smoke:position_filter_wr — All 50 checked are WRs
smoke	OK	-	-	-	pass	smoke:sort_ppr_desc — PPR sort descending is correct
smoke	OK	-	-	-	pass	smoke:season_switch — Different seasons return different data
smoke	P0	backend/live_data/players.py	-	_fetch_screener_uncached	ticket	smoke:week_filter — Week 1 player has 21 games — week filter not working
smoke	OK	-	-	-	pass	smoke:screener_query — Screener returns 10 RBs, all correct
smoke	OK	-	-	-	pass	smoke:no_nan_stats — No NaN/Inf in first 50 players
smoke	OK	-	-	-	pass	smoke:no_negative_stats — No impossible negative values
smoke	OK	-	-	-	pass	smoke:filter_options — Returns positions and teams
smoke	OK	-	-	-	pass	smoke:health — Server healthy (HTTP 200)
smoke	OK	-	-	-	pass	smoke:players_returns_data — Returns 200 players
smoke	OK	-	-	-	pass	smoke:position_filter_qb — All 50 checked are QBs
smoke	OK	-	-	-	pass	smoke:position_filter_wr — All 50 checked are WRs
smoke	OK	-	-	-	pass	smoke:sort_ppr_desc — PPR sort descending is correct
smoke	OK	-	-	-	pass	smoke:season_switch — Different seasons return different data
smoke	OK	-	-	-	pass	smoke:week_filter — Week filter OK: season=21gp, week1=1gp
smoke	OK	-	-	-	pass	smoke:screener_query — Screener returns 10 RBs, all correct
smoke	OK	-	-	-	pass	smoke:no_nan_stats — No NaN/Inf in first 50 players
smoke	OK	-	-	-	pass	smoke:no_negative_stats — No impossible negative values
smoke	OK	-	-	-	pass	smoke:filter_options — Returns positions and teams
smoke	OK	-	-	-	pass	smoke:health — Server healthy (HTTP 200)
smoke	OK	-	-	-	pass	smoke:players_returns_data — Returns 200 players
smoke	OK	-	-	-	pass	smoke:position_filter_qb — All 50 checked are QBs
smoke	OK	-	-	-	pass	smoke:position_filter_wr — All 50 checked are WRs
smoke	OK	-	-	-	pass	smoke:sort_ppr_desc — PPR sort descending is correct
smoke	OK	-	-	-	pass	smoke:season_switch — Different seasons return different data
smoke	P0	backend/live_data/players.py	-	_fetch_screener_uncached	ticket	smoke:week_filter — Week 1 player has 21 games — week filter not working
smoke	OK	-	-	-	pass	smoke:screener_query — Screener returns 10 RBs, all correct
smoke	OK	-	-	-	pass	smoke:no_nan_stats — No NaN/Inf in first 50 players
smoke	OK	-	-	-	pass	smoke:no_negative_stats — No impossible negative values
smoke	OK	-	-	-	pass	smoke:filter_options — Returns positions and teams
smoke-prod	OK	-	-	-	pass	smoke:health — Server healthy (HTTP 200)	100	2026-03-20T14:12
smoke-prod	OK	-	-	-	pass	smoke:players_returns_data — Returns 200 players	100	2026-03-20T14:12
smoke-prod	OK	-	-	-	pass	smoke:position_filter_qb — All 50 checked are QBs	100	2026-03-20T14:12
smoke-prod	OK	-	-	-	pass	smoke:position_filter_wr — All 50 checked are WRs	100	2026-03-20T14:12
smoke-prod	OK	-	-	-	pass	smoke:sort_ppr_desc — PPR sort descending is correct	100	2026-03-20T14:12
smoke-prod	OK	-	-	-	pass	smoke:season_switch — Different seasons return different data	100	2026-03-20T14:12
smoke-prod	OK	-	-	-	pass	smoke:week_filter — Week filter OK: season=21gp, week1=1gp	100	2026-03-20T14:12
smoke-prod	OK	-	-	-	pass	smoke:screener_query — Screener returns 10 RBs, all correct	100	2026-03-20T14:12
smoke-prod	OK	-	-	-	pass	smoke:no_nan_stats — No NaN/Inf in first 50 players	100	2026-03-20T14:12
smoke-prod	OK	-	-	-	pass	smoke:no_negative_stats — No impossible negative values	100	2026-03-20T14:12
smoke-prod	OK	-	-	-	pass	smoke:filter_options — Returns positions and teams	100	2026-03-20T14:12
re-audit	OK	frontend/lab.html	-	Lab init	pass	FUNC-001 FIXED: Lab loads on prod (0 JS errors, 27 table rows, 69 sidebar tools). GZip fix deployed.	100	2026-03-20T14:13
re-audit	OK	frontend/lab.html	-	dark mode	pass	FUNC-001 re-audit: Dark mode clean — espresso palette, proper contrast, no white flashes.	100	2026-03-20T14:13
51	OK	frontend/lab.js	4114	saveCurrentView	pass	Saved Views: save works (name+toast), appears in dropdown+manage list. Restores all state.	95	2026-03-20T14:20
51	OK	frontend/lab.js	4161	loadSavedView	pass	Saved Views: load restores universe, position, search, sort, filters, visual modes, columns, columnWidths	95	2026-03-20T14:20
51	OK	frontend/lab.js	4242	deleteSavedView	pass	Saved Views: delete with confirm, localStorage update, cloud sync for Pro	95	2026-03-20T14:20
52	OK	frontend/formulas.js	38	saveFormula	pass	Formula Builder: modal opens, stat selector from COLUMNS, saved formula renders as column in table (28 th)	95	2026-03-20T14:25
52	OK	frontend/formulas.js	146	renderSavedFormulas	pass	Formula Builder: XSS-safe (data attributes), event delegation, cloud sync, 3-formula free limit	95	2026-03-20T14:25
53	OK	frontend/formula-store.js	55	openFormulaStore	pass	Formula Store: opens, fetches /api/formulas/store (10 formulas), cards with ratings/tags. Install Pro-gated.	95	2026-03-20T14:30
54	OK	frontend/lab.js	5507	exportImage	pass	Export PNG: custom canvas renderer, title bar, position badges, sort highlight, watermark, downloads PNG	95	2026-03-20T14:35
54	OK	frontend/lab.html	3569	shareModal	pass	Share Modal: URL+Copy, PNG, CSV, Clipboard, Reddit Table, Reddit Title. All buttons present.	95	2026-03-20T14:35
55	OK	frontend/lab.js	5707	exportCSV	pass	Export CSV: Pro-gated, branding header, BOM, csvEscape, descriptive filename, revokeObjectURL	95	2026-03-20T14:35
63	OK	frontend/league-intel.html	1787	connectSleeper	pass	Bureau: Sleeper connect with 10s timeout, error states (not found/timeout/network), account lock	95	2026-03-20T14:40
63	OK	frontend/league-intel.html	-	darkMode	pass	Bureau: dark mode clean, proper espresso palette, input fields visible	95	2026-03-20T14:40
64	OK	frontend/agents.html	-	pixelCanvas	pass	Situation Room: canvas renders+animates, 6 agent cards, scenario textarea, What Can I Ask panel	95	2026-03-20T14:45
64	OK	frontend/agents.html	-	setupGuide	pass	Situation Room: first-run setup guide, demo briefings, 0 JS errors. Ship D-1 through D-7 hardened.	95	2026-03-20T14:45
smoke	OK	-	-	-	pass	smoke:health — Server healthy (HTTP 200)
smoke	OK	-	-	-	pass	smoke:players_returns_data — Returns 200 players
smoke	OK	-	-	-	pass	smoke:position_filter_qb — All 50 checked are QBs
smoke	OK	-	-	-	pass	smoke:position_filter_wr — All 50 checked are WRs
smoke	OK	-	-	-	pass	smoke:sort_ppr_desc — PPR sort descending is correct
smoke	OK	-	-	-	pass	smoke:season_switch — Different seasons return different data
smoke	P0	backend/live_data/players.py	-	_fetch_screener_uncached	ticket	smoke:week_filter — Week 1 player has 21 games — week filter not working
smoke	OK	-	-	-	pass	smoke:screener_query — Screener returns 10 RBs, all correct
smoke	OK	-	-	-	pass	smoke:no_nan_stats — No NaN/Inf in first 50 players
smoke	OK	-	-	-	pass	smoke:no_negative_stats — No impossible negative values
smoke	OK	-	-	-	pass	smoke:filter_options — Returns positions and teams
smoke	OK	-	-	-	pass	smoke:health — Server healthy (HTTP 200)
smoke	OK	-	-	-	pass	smoke:players_returns_data — Returns 200 players
smoke	OK	-	-	-	pass	smoke:position_filter_qb — All 50 checked are QBs
smoke	OK	-	-	-	pass	smoke:position_filter_wr — All 50 checked are WRs
smoke	OK	-	-	-	pass	smoke:sort_ppr_desc — PPR sort descending is correct
smoke	OK	-	-	-	pass	smoke:season_switch — Different seasons return different data
smoke	P0	backend/live_data/players.py	-	_fetch_screener_uncached	ticket	smoke:week_filter — Week 1 player has 21 games — week filter not working
smoke	OK	-	-	-	pass	smoke:screener_query — Screener returns 10 RBs, all correct
smoke	OK	-	-	-	pass	smoke:no_nan_stats — No NaN/Inf in first 50 players
smoke	OK	-	-	-	pass	smoke:no_negative_stats — No impossible negative values
smoke	OK	-	-	-	pass	smoke:filter_options — Returns positions and teams
27	P0	backend/live_data/players.py	205	_fetch_screener_uncached	ticket	re-audit: FUNC-012 — season_type column ALL 'regular' in prod DB, playoff weeks 19-22 included in all stats. PHI=21 games, Lamar=19 games. 108/137 backend functions missing season_type filter. Even functions with filter show wrong data (matchup heatmap PHI=21).	100	2026-03-20T14:45
45	OK	frontend/lab.js	7881	renderTierView	pass	re-audit: Ship Loop XSS fix verified — escapeHtml() on draft_year and position in renderTierView/renderBigBoard. Not deployed yet. Code correct.	95	2026-03-20T14:50
62	P0	backend/live_data/dashboards.py	407	fetch_strength_of_schedule	ticket	re-audit: Ship Loop added season_type=regular to 4 functions. Code correct but not deployed, and blocked by FUNC-012 (DB data layer). Prod: Iron Man=19 games, awards/leaders contaminated.	95	2026-03-20T14:55
69	OK	frontend/lab.js	1192	_queryCacheGet	pass	Stale state: PASS. Backend cache 2-5min TTL expires cleanly. JWT 7-day. AbortController prevents races. Error handling preserves table + toast. P2: frontend query cache has no TTL.	90	2026-03-20T15:00
smoke	OK	-	-	-	pass	smoke:health — Server healthy (HTTP 200)
smoke	OK	-	-	-	pass	smoke:players_returns_data — Returns 200 players
smoke	OK	-	-	-	pass	smoke:position_filter_qb — All 50 checked are QBs
smoke	OK	-	-	-	pass	smoke:position_filter_wr — All 50 checked are WRs
smoke	OK	-	-	-	pass	smoke:sort_ppr_desc — PPR sort descending is correct
smoke	OK	-	-	-	pass	smoke:season_switch — Different seasons return different data
smoke	P0	backend/live_data/players.py	-	_fetch_screener_uncached	ticket	smoke:week_filter — Week 1 player has 21 games — week filter not working
smoke	OK	-	-	-	pass	smoke:screener_query — Screener returns 10 RBs, all correct
smoke	OK	-	-	-	pass	smoke:no_nan_stats — No NaN/Inf in first 50 players
smoke	OK	-	-	-	pass	smoke:no_negative_stats — No impossible negative values
smoke	OK	-	-	-	pass	smoke:filter_options — Returns positions and teams
smoke	OK	-	-	-	pass	smoke:health — Server healthy (HTTP 200)
smoke	OK	-	-	-	pass	smoke:players_returns_data — Returns 200 players
smoke	OK	-	-	-	pass	smoke:position_filter_qb — All 50 checked are QBs
smoke	OK	-	-	-	pass	smoke:position_filter_wr — All 50 checked are WRs
smoke	OK	-	-	-	pass	smoke:sort_ppr_desc — PPR sort descending is correct
smoke	OK	-	-	-	pass	smoke:season_switch — Different seasons return different data
smoke	P0	backend/live_data/players.py	-	_fetch_screener_uncached	ticket	smoke:week_filter — Week 1 player has 21 games — week filter not working
smoke	OK	-	-	-	pass	smoke:screener_query — Screener returns 10 RBs, all correct
smoke	OK	-	-	-	pass	smoke:no_nan_stats — No NaN/Inf in first 50 players
smoke	OK	-	-	-	pass	smoke:no_negative_stats — No impossible negative values
smoke	OK	-	-	-	pass	smoke:filter_options — Returns positions and teams
smoke	OK	-	-	-	pass	smoke:health — Server healthy (HTTP 200)
smoke	OK	-	-	-	pass	smoke:players_returns_data — Returns 200 players
smoke	OK	-	-	-	pass	smoke:position_filter_qb — All 50 checked are QBs
smoke	OK	-	-	-	pass	smoke:position_filter_wr — All 50 checked are WRs
smoke	OK	-	-	-	pass	smoke:sort_ppr_desc — PPR sort descending is correct
smoke	OK	-	-	-	pass	smoke:season_switch — Different seasons return different data
smoke	P0	backend/live_data/players.py	-	_fetch_screener_uncached	ticket	smoke:week_filter — Week 1 player has 21 games — week filter not working
smoke	OK	-	-	-	pass	smoke:screener_query — Screener returns 10 RBs, all correct
smoke	OK	-	-	-	pass	smoke:no_nan_stats — No NaN/Inf in first 50 players
smoke	OK	-	-	-	pass	smoke:no_negative_stats — No impossible negative values
smoke	OK	-	-	-	pass	smoke:filter_options — Returns positions and teams
smoke	OK	-	-	-	pass	smoke:health — Server healthy (HTTP 200)
smoke	OK	-	-	-	pass	smoke:players_returns_data — Returns 200 players
smoke	OK	-	-	-	pass	smoke:position_filter_qb — All 50 checked are QBs
smoke	OK	-	-	-	pass	smoke:position_filter_wr — All 50 checked are WRs
smoke	OK	-	-	-	pass	smoke:sort_ppr_desc — PPR sort descending is correct
smoke	OK	-	-	-	pass	smoke:season_switch — Different seasons return different data
smoke	OK	-	-	-	pass	smoke:week_filter — Week filter OK: season=21gp, week1=1gp
smoke	OK	-	-	-	pass	smoke:screener_query — Screener returns 10 RBs, all correct
smoke	OK	-	-	-	pass	smoke:no_nan_stats — No NaN/Inf in first 50 players
smoke	OK	-	-	-	pass	smoke:no_negative_stats — No impossible negative values
smoke	OK	-	-	-	pass	smoke:filter_options — Returns positions and teams
smoke	OK	-	-	-	pass	smoke:health — Server healthy (HTTP 200)
smoke	OK	-	-	-	pass	smoke:players_returns_data — Returns 200 players
smoke	OK	-	-	-	pass	smoke:position_filter_qb — All 50 checked are QBs
smoke	OK	-	-	-	pass	smoke:position_filter_wr — All 50 checked are WRs
smoke	OK	-	-	-	pass	smoke:sort_ppr_desc — PPR sort descending is correct
smoke	OK	-	-	-	pass	smoke:season_switch — Different seasons return different data
smoke	P0	backend/live_data/players.py	-	_fetch_screener_uncached	ticket	smoke:week_filter — Week 1 player has 21 games — week filter not working
smoke	OK	-	-	-	pass	smoke:screener_query — Screener returns 10 RBs, all correct
smoke	OK	-	-	-	pass	smoke:no_nan_stats — No NaN/Inf in first 50 players
smoke	OK	-	-	-	pass	smoke:no_negative_stats — No impossible negative values
smoke	OK	-	-	-	pass	smoke:filter_options — Returns positions and teams
smoke	OK	-	-	-	pass	smoke:health — Server healthy (HTTP 200)
smoke	OK	-	-	-	pass	smoke:players_returns_data — Returns 200 players
smoke	OK	-	-	-	pass	smoke:position_filter_qb — All 50 checked are QBs
smoke	OK	-	-	-	pass	smoke:position_filter_wr — All 50 checked are WRs
smoke	OK	-	-	-	pass	smoke:sort_ppr_desc — PPR sort descending is correct
smoke	OK	-	-	-	pass	smoke:season_switch — Different seasons return different data
smoke	P0	backend/live_data/players.py	-	_fetch_screener_uncached	ticket	smoke:week_filter — Week 1 player has 21 games — week filter not working
smoke	OK	-	-	-	pass	smoke:screener_query — Screener returns 10 RBs, all correct
smoke	OK	-	-	-	pass	smoke:no_nan_stats — No NaN/Inf in first 50 players
smoke	OK	-	-	-	pass	smoke:no_negative_stats — No impossible negative values
smoke	OK	-	-	-	pass	smoke:filter_options — Returns positions and teams
smoke	OK	-	-	-	pass	smoke:health — Server healthy (HTTP 200)
smoke	OK	-	-	-	pass	smoke:players_returns_data — Returns 200 players
smoke	OK	-	-	-	pass	smoke:position_filter_qb — All 50 checked are QBs
smoke	OK	-	-	-	pass	smoke:position_filter_wr — All 50 checked are WRs
smoke	OK	-	-	-	pass	smoke:sort_ppr_desc — PPR sort descending is correct
smoke	OK	-	-	-	pass	smoke:season_switch — Different seasons return different data
smoke	P0	backend/live_data/players.py	-	_fetch_screener_uncached	ticket	smoke:week_filter — Week 1 player has 21 games — week filter not working
smoke	OK	-	-	-	pass	smoke:screener_query — Screener returns 10 RBs, all correct
smoke	OK	-	-	-	pass	smoke:no_nan_stats — No NaN/Inf in first 50 players
smoke	OK	-	-	-	pass	smoke:no_negative_stats — No impossible negative values
smoke	OK	-	-	-	pass	smoke:filter_options — Returns positions and teams
smoke	OK	-	-	-	pass	smoke:health — Server healthy (HTTP 200)
smoke	OK	-	-	-	pass	smoke:players_returns_data — Returns 200 players
smoke	OK	-	-	-	pass	smoke:position_filter_qb — All 50 checked are QBs
smoke	OK	-	-	-	pass	smoke:position_filter_wr — All 50 checked are WRs
smoke	OK	-	-	-	pass	smoke:sort_ppr_desc — PPR sort descending is correct
smoke	OK	-	-	-	pass	smoke:season_switch — Different seasons return different data
smoke	P0	backend/live_data/players.py	-	_fetch_screener_uncached	ticket	smoke:week_filter — Week 1 player has 21 games — week filter not working
smoke	OK	-	-	-	pass	smoke:screener_query — Screener returns 10 RBs, all correct
smoke	OK	-	-	-	pass	smoke:no_nan_stats — No NaN/Inf in first 50 players
smoke	OK	-	-	-	pass	smoke:no_negative_stats — No impossible negative values
smoke	OK	-	-	-	pass	smoke:filter_options — Returns positions and teams
smoke-prod	OK	-	-	-	pass	smoke:health — Server healthy (HTTP 200)	100	2026-03-20T17:00
smoke-prod	OK	-	-	-	pass	smoke:players_returns_data — Returns 200 players	100	2026-03-20T17:00
smoke-prod	OK	-	-	-	pass	smoke:position_filter_qb — All 50 checked are QBs	100	2026-03-20T17:00
smoke-prod	OK	-	-	-	pass	smoke:sort_ppr_desc — PPR sort descending is correct	100	2026-03-20T17:00
smoke-prod	OK	-	-	-	pass	smoke:season_switch — Different seasons return different data	100	2026-03-20T17:00
smoke-prod	P0	backend/live_data/players.py	-	_fetch_screener_uncached	ticket	smoke:week_filter — 2025 Drake Maye 21 games, Darnold 20 — FUNC-012 Layer 2	100	2026-03-20T17:00
smoke-prod	OK	-	-	-	pass	smoke:screener_query — Screener returns RBs, all correct	100	2026-03-20T17:00
smoke-prod	OK	-	-	-	pass	smoke:no_nan_stats — No NaN/Inf in first 50 players	100	2026-03-20T17:00
smoke-prod	OK	-	-	-	pass	smoke:filter_options — Returns positions and teams	100	2026-03-20T17:00
re-audit-27	OK	backend/live_data/analytics.py	1570	fetch_matchup_heatmap	pass	re-audit: Matchup heatmap FIXED — PHI=17 games (was 21). Layer 1 DB tags correct.	100	2026-03-20T17:02
re-audit-27	P0	backend/live_data/analytics.py	1331	fetch_weekly_heatmap	open	re-audit: Weekly heatmap returns weeks 1-22 for 2024 — missing season_type filter. FUNC-012 L2.	100	2026-03-20T17:02
re-audit-62	OK	backend/live_data/dashboards.py	-	season_awards	pass	re-audit: Season awards FIXED — Iron Man=17 games. season_type filter works.	100	2026-03-20T17:03
re-audit-62	OK	backend/live_data/dashboards.py	-	report_cards	pass	re-audit: Report cards FIXED — all checked=17 games.	100	2026-03-20T17:03
re-audit-62	P0	backend/live_data/analytics.py	330	fetch_stat_leaders	open	re-audit: Stat Leaders BROKEN — Lamar=19, Barkley=20, Daniels=20. Missing season_type filter. FUNC-012 L2.	100	2026-03-20T17:03
re-audit-45	OK	backend/live_data/prospects.py	-	fetch_prospects	pass	re-audit: Big Board PASS. XSS fix deployed. API returns correct prospect data.	100	2026-03-20T17:04
func-012	OK	-	-	-	pass	FUNC-012 Layer 1 VERIFIED FIXED: /api/available-weeks returns 1-18 for 2024 (DB tags correct)	100	2026-03-20T17:01
func-012	P0	backend/live_data/players.py	-	_fetch_screener_uncached	open	FUNC-012 Layer 2: Screener has 0 season_type filters. 2024 Lamar=19gp, 2025 Maye=21gp.	100	2026-03-20T17:01
func-012	P0	backend/live_data/dynasty.py	-	compute_dynasty_values	open	FUNC-012 Layer 2: Dynasty has 0 season_type filters. Nacua=19gp, Gibbs=18gp.	100	2026-03-20T17:01
func-012	OK	backend/live_data/dashboards.py	-	multiple	pass	FUNC-012 Layer 2 PARTIAL: dashboards.py functions WITH filter all return correct data.	100	2026-03-20T17:01
spot	OK	frontend/index.html	-	-	pass	Landing page: 0 JS errors, clean load	100	2026-03-20T17:05
spot	OK	frontend/agents.html	-	-	pass	Agents page: 0 JS errors, clean load	100	2026-03-20T17:05
spot	OK	frontend/league-intel.html	-	-	pass	Bureau page: 0 JS errors, clean load	100	2026-03-20T17:05
spot	OK	frontend/lab.html	-	-	pass	Lab: 0 JS errors, 25 rows, 610 players, 2025 season loads correctly	100	2026-03-20T17:06
spot	OK	frontend/lab.html	-	-	pass	Lab dark mode: espresso palette, proper contrast, no white flashes	100	2026-03-20T17:06
smoke	OK	-	-	-	pass	smoke:health — Server healthy (HTTP 200)
smoke	OK	-	-	-	pass	smoke:players_returns_data — Returns 200 players
smoke	OK	-	-	-	pass	smoke:position_filter_qb — All 50 checked are QBs
smoke	OK	-	-	-	pass	smoke:position_filter_wr — All 50 checked are WRs
smoke	OK	-	-	-	pass	smoke:sort_ppr_desc — PPR sort descending is correct
smoke	P1	-	-	-	ticket	smoke:season_switch — One or both seasons returned empty
smoke	P1	-	-	-	ticket	smoke:week_filter — One or both returned empty
smoke	OK	-	-	-	pass	smoke:screener_query — Screener returns 10 RBs, all correct
smoke	OK	-	-	-	pass	smoke:no_nan_stats — No NaN/Inf in first 50 players
smoke	OK	-	-	-	pass	smoke:no_negative_stats — No impossible negative values
smoke	OK	-	-	-	pass	smoke:filter_options — Returns positions and teams
smoke	OK	-	-	-	pass	smoke:health — Server healthy (HTTP 200)
smoke	OK	-	-	-	pass	smoke:players_returns_data — Returns 200 players
smoke	OK	-	-	-	pass	smoke:position_filter_qb — All 50 checked are QBs
smoke	OK	-	-	-	pass	smoke:position_filter_wr — All 50 checked are WRs
smoke	OK	-	-	-	pass	smoke:sort_ppr_desc — PPR sort descending is correct
smoke	P1	-	-	-	ticket	smoke:season_switch — One or both seasons returned empty
smoke	P1	-	-	-	ticket	smoke:week_filter — One or both returned empty
smoke	OK	-	-	-	pass	smoke:screener_query — Screener returns 10 RBs, all correct
smoke	OK	-	-	-	pass	smoke:no_nan_stats — No NaN/Inf in first 50 players
smoke	OK	-	-	-	pass	smoke:no_negative_stats — No impossible negative values
smoke	OK	-	-	-	pass	smoke:filter_options — Returns positions and teams
smoke	OK	-	-	-	pass	smoke:health — Server healthy (HTTP 200)
smoke	OK	-	-	-	pass	smoke:players_returns_data — Returns 200 players
smoke	OK	-	-	-	pass	smoke:position_filter_qb — All 50 checked are QBs
smoke	OK	-	-	-	pass	smoke:position_filter_wr — All 50 checked are WRs
smoke	OK	-	-	-	pass	smoke:sort_ppr_desc — PPR sort descending is correct
smoke	OK	-	-	-	pass	smoke:season_switch — Different seasons return different data
smoke	OK	-	-	-	pass	smoke:week_filter — Week filter OK: season=21gp, week1=1gp
smoke	OK	-	-	-	pass	smoke:screener_query — Screener returns 10 RBs, all correct
smoke	OK	-	-	-	pass	smoke:no_nan_stats — No NaN/Inf in first 50 players
smoke	OK	-	-	-	pass	smoke:no_negative_stats — No impossible negative values
smoke	OK	-	-	-	pass	smoke:filter_options — Returns positions and teams
smoke	OK	-	-	-	pass	smoke:health — Server healthy (HTTP 200)
smoke	OK	-	-	-	pass	smoke:players_returns_data — Returns 200 players
smoke	OK	-	-	-	pass	smoke:position_filter_qb — All 50 checked are QBs
smoke	OK	-	-	-	pass	smoke:position_filter_wr — All 50 checked are WRs
smoke	OK	-	-	-	pass	smoke:sort_ppr_desc — PPR sort descending is correct
smoke	P1	-	-	-	ticket	smoke:season_switch — One or both seasons returned empty
smoke	P1	-	-	-	ticket	smoke:week_filter — One or both returned empty
smoke	OK	-	-	-	pass	smoke:screener_query — Screener returns 10 RBs, all correct
smoke	OK	-	-	-	pass	smoke:no_nan_stats — No NaN/Inf in first 50 players
smoke	OK	-	-	-	pass	smoke:no_negative_stats — No impossible negative values
smoke	OK	-	-	-	pass	smoke:filter_options — Returns positions and teams
smoke	OK	-	-	-	pass	smoke:health — Server healthy (HTTP 200)
smoke	OK	-	-	-	pass	smoke:players_returns_data — Returns 200 players
smoke	OK	-	-	-	pass	smoke:position_filter_qb — All 50 checked are QBs
smoke	OK	-	-	-	pass	smoke:position_filter_wr — All 50 checked are WRs
smoke	OK	-	-	-	pass	smoke:sort_ppr_desc — PPR sort descending is correct
smoke	P1	-	-	-	ticket	smoke:season_switch — One or both seasons returned empty
smoke	P1	-	-	-	ticket	smoke:week_filter — One or both returned empty
smoke	OK	-	-	-	pass	smoke:screener_query — Screener returns 10 RBs, all correct
smoke	OK	-	-	-	pass	smoke:no_nan_stats — No NaN/Inf in first 50 players
smoke	OK	-	-	-	pass	smoke:no_negative_stats — No impossible negative values
smoke	OK	-	-	-	pass	smoke:filter_options — Returns positions and teams
smoke-prod	OK	-	-	-	pass	session10:smoke — 11/11 passed on production	100	2026-03-20T17:14
re-audit-27	P0	analytics.py	1312	fetch_weekly_heatmap	open	re-audit: FUNC-012 L2 — weekly heatmap still returns weeks 1-22 (4 playoff weeks)	100	2026-03-20T17:15
re-audit-62	P0	analytics.py	330	fetch_stat_leaders	open	re-audit: FUNC-012 L2 — stat leaders Lamar=19 GP, Allen=19 GP (still no season_type filter)	100	2026-03-20T17:15
re-audit-1	P0	players.py	-	_fetch_screener_uncached	open	re-audit: FUNC-012 L2 — screener Barkley=2504 rush yds (actual reg season=2005, +25% inflation)	100	2026-03-20T17:16
re-audit-1	P0	players.py	-	fetch_player_game_log	open	re-audit: FUNC-012 L2 — game log shows weeks 19-20 (playoff) with no distinction from regular season	100	2026-03-20T17:16
re-audit-18	P0	dynasty.py	-	compute_dynasty_values	open	re-audit: FUNC-012 L2 — dynasty rankings Nacua=19 GP (should be 17), 0 season_type filters in dynasty.py	100	2026-03-20T17:16
re-audit-41	P0	analytics.py	-	fetch_consistency	open	re-audit: FUNC-012 L2 — consistency Lamar CoV=0.245 across 19 games (playoff games skew analysis)	100	2026-03-20T17:16
regression-check	OK	-	-	-	pass	session10: Ship Loop Phases B-E — 0 regressions, all pages 0 JS errors, visual design consistent	100	2026-03-20T17:17
regression-check	OK	-	-	-	pass	session10: URL state round-trip verified (pos=RB&season=2024 → 135 RBs correct)	100	2026-03-20T17:17
regression-check	OK	-	-	-	pass	session10: og:image PNG verified, Pricing nav link on all pages, quick-search works	100	2026-03-20T17:17
smoke	OK	-	-	-	pass	smoke:health — Server healthy (HTTP 200)
smoke	OK	-	-	-	pass	smoke:players_returns_data — Returns 200 players
smoke	OK	-	-	-	pass	smoke:position_filter_qb — All 50 checked are QBs
smoke	OK	-	-	-	pass	smoke:position_filter_wr — All 50 checked are WRs
smoke	OK	-	-	-	pass	smoke:sort_ppr_desc — PPR sort descending is correct
smoke	OK	-	-	-	pass	smoke:season_switch — Single-season DB (2024) — switch test skipped
smoke	OK	-	-	-	pass	smoke:week_filter — Week filter OK: season=17gp, week1=1gp
smoke	OK	-	-	-	pass	smoke:screener_query — Screener returns 10 RBs, all correct
smoke	OK	-	-	-	pass	smoke:no_nan_stats — No NaN/Inf in first 50 players
smoke	OK	-	-	-	pass	smoke:no_negative_stats — No impossible negative values
smoke	OK	-	-	-	pass	smoke:filter_options — Returns positions and teams
smoke	OK	-	-	-	pass	smoke:health — Server healthy (HTTP 200)
smoke	OK	-	-	-	pass	smoke:players_returns_data — Returns 200 players
smoke	OK	-	-	-	pass	smoke:position_filter_qb — All 50 checked are QBs
smoke	OK	-	-	-	pass	smoke:position_filter_wr — All 50 checked are WRs
smoke	OK	-	-	-	pass	smoke:sort_ppr_desc — PPR sort descending is correct
smoke	OK	-	-	-	pass	smoke:season_switch — Single-season DB (2024) — switch test skipped
smoke	OK	-	-	-	pass	smoke:week_filter — Week filter OK: season=17gp, week1=1gp
smoke	OK	-	-	-	pass	smoke:screener_query — Screener returns 10 RBs, all correct
smoke	OK	-	-	-	pass	smoke:no_nan_stats — No NaN/Inf in first 50 players
smoke	OK	-	-	-	pass	smoke:no_negative_stats — No impossible negative values
smoke	OK	-	-	-	pass	smoke:filter_options — Returns positions and teams
smoke-local	OK	-	-	-	pass	session11:smoke — 11/11 passed on local (Ship Loop code). week_filter=17gp (was 21gp)	100	2026-03-20T17:37
re-audit-1	OK	players.py	123	_fetch_screener_uncached	pass	session11: FUNC-012 L2 CODE FIXED. players.py has 20 season_type filters (was 0). Local: Lamar=17 GP/430.4 PPR	100	2026-03-20T17:40
re-audit-1	OK	players.py	-	Barkley rush yds	pass	session11: FUNC-012 L2 CODE FIXED. Barkley=2005 rush yds (was 2504, +25% inflation eliminated)	100	2026-03-20T17:40
re-audit-15	OK	players.py	1427	_fetch_game_log	pass	session11: FUNC-012 L2 CODE FIXED. Lamar game log=17 weeks (1-18), total PPR=430.4. Playoff weeks excluded.	100	2026-03-20T17:41
re-audit-18	OK	dynasty.py	196	dynasty_rankings	pass	session11: FUNC-012 L2 CODE FIXED. dynasty.py has 15 filters (was 0). Chase=17 GP, Barkley=16 GP, Gibbs=17 GP	100	2026-03-20T17:42
re-audit-27	OK	analytics.py	1341	fetch_weekly_heatmap	pass	session11: FUNC-012 L2 CODE FIXED. Weekly heatmap returns weeks 1-18 (was 1-22). 4 filters added.	100	2026-03-20T17:43
re-audit-62	OK	analytics.py	379	fetch_stat_leaders	pass	session11: FUNC-012 L2 CODE FIXED. Stat Leaders: Lamar=17 GP, Burrow=17 GP. 4 query branches filtered.	100	2026-03-20T17:43
code-audit	OK	tools.py	-	all functions	pass	session11: tools.py has 29 season_type filters (was 5). cheat_sheet, streaks, waivers, stacks, draft_class all covered.	100	2026-03-20T17:44
code-audit	OK	dashboards.py	-	all functions	pass	session11: dashboards.py has 16 season_type filters. core.py has 3. All modules verified complete.	100	2026-03-20T17:44
prod-check	P1	-	-	deployment	open	session11: Production NOT YET DEPLOYED. Prod still shows Lamar=19 GP, Barkley=2504 rush yds. Code fix needs deploy.	100	2026-03-20T17:38
smoke	OK	-	-	-	pass	smoke:health — Server healthy (HTTP 200)
smoke	OK	-	-	-	pass	smoke:players_returns_data — Returns 200 players
smoke	OK	-	-	-	pass	smoke:position_filter_qb — All 50 checked are QBs
smoke	OK	-	-	-	pass	smoke:position_filter_wr — All 50 checked are WRs
smoke	OK	-	-	-	pass	smoke:sort_ppr_desc — PPR sort descending is correct
smoke	OK	-	-	-	pass	smoke:season_switch — Single-season DB (2024) — switch test skipped
smoke	OK	-	-	-	pass	smoke:week_filter — Week filter OK: season=17gp, week1=1gp
smoke	OK	-	-	-	pass	smoke:screener_query — Screener returns 10 RBs, all correct
smoke	OK	-	-	-	pass	smoke:no_nan_stats — No NaN/Inf in first 50 players
smoke	OK	-	-	-	pass	smoke:no_negative_stats — No impossible negative values
smoke	OK	-	-	-	pass	smoke:filter_options — Returns positions and teams
smoke	OK	-	-	-	pass	smoke:health — Server healthy (HTTP 200)
smoke	OK	-	-	-	pass	smoke:players_returns_data — Returns 200 players
smoke	OK	-	-	-	pass	smoke:position_filter_qb — All 50 checked are QBs
smoke	OK	-	-	-	pass	smoke:position_filter_wr — All 50 checked are WRs
smoke	OK	-	-	-	pass	smoke:sort_ppr_desc — PPR sort descending is correct
smoke	OK	-	-	-	pass	smoke:season_switch — Single-season DB (2024) — switch test skipped
smoke	OK	-	-	-	pass	smoke:week_filter — Week filter OK: season=17gp, week1=1gp
smoke	OK	-	-	-	pass	smoke:screener_query — Screener returns 10 RBs, all correct
smoke	OK	-	-	-	pass	smoke:no_nan_stats — No NaN/Inf in first 50 players
smoke	OK	-	-	-	pass	smoke:no_negative_stats — No impossible negative values
smoke	OK	-	-	-	pass	smoke:filter_options — Returns positions and teams
smoke	OK	-	-	-	pass	smoke:health — Server healthy (HTTP 200)
smoke	OK	-	-	-	pass	smoke:players_returns_data — Returns 200 players
smoke	OK	-	-	-	pass	smoke:position_filter_qb — All 50 checked are QBs
smoke	OK	-	-	-	pass	smoke:position_filter_wr — All 50 checked are WRs
smoke	OK	-	-	-	pass	smoke:sort_ppr_desc — PPR sort descending is correct
smoke	OK	-	-	-	pass	smoke:season_switch — Different seasons return different data
smoke	OK	-	-	-	pass	smoke:week_filter — Week filter OK: season=21gp, week1=1gp
smoke	OK	-	-	-	pass	smoke:screener_query — Screener returns 10 RBs, all correct
smoke	OK	-	-	-	pass	smoke:no_nan_stats — No NaN/Inf in first 50 players
smoke	OK	-	-	-	pass	smoke:no_negative_stats — No impossible negative values
smoke	OK	-	-	-	pass	smoke:filter_options — Returns positions and teams
smoke	OK	-	-	-	pass	smoke:health — Server healthy (HTTP 200)
smoke	OK	-	-	-	pass	smoke:players_returns_data — Returns 200 players
smoke	OK	-	-	-	pass	smoke:position_filter_qb — All 50 checked are QBs
smoke	OK	-	-	-	pass	smoke:position_filter_wr — All 50 checked are WRs
smoke	OK	-	-	-	pass	smoke:sort_ppr_desc — PPR sort descending is correct
smoke	OK	-	-	-	pass	smoke:season_switch — Single-season DB (2024) — switch test skipped
smoke	OK	-	-	-	pass	smoke:week_filter — Week filter OK: season=17gp, week1=1gp
smoke	OK	-	-	-	pass	smoke:screener_query — Screener returns 10 RBs, all correct
smoke	OK	-	-	-	pass	smoke:no_nan_stats — No NaN/Inf in first 50 players
smoke	OK	-	-	-	pass	smoke:no_negative_stats — No impossible negative values
smoke	OK	-	-	-	pass	smoke:filter_options — Returns positions and teams
smoke	OK	-	-	-	pass	smoke:health — Server healthy (HTTP 200)
smoke	OK	-	-	-	pass	smoke:players_returns_data — Returns 200 players
smoke	OK	-	-	-	pass	smoke:position_filter_qb — All 50 checked are QBs
smoke	OK	-	-	-	pass	smoke:position_filter_wr — All 50 checked are WRs
smoke	OK	-	-	-	pass	smoke:sort_ppr_desc — PPR sort descending is correct
smoke	OK	-	-	-	pass	smoke:season_switch — Different seasons return different data
smoke	OK	-	-	-	pass	smoke:week_filter — Week filter OK: season=16gp, week1=1gp
smoke	OK	-	-	-	pass	smoke:screener_query — Screener returns 10 RBs, all correct
smoke	OK	-	-	-	pass	smoke:no_nan_stats — No NaN/Inf in first 50 players
smoke	OK	-	-	-	pass	smoke:no_negative_stats — No impossible negative values
smoke	OK	-	-	-	pass	smoke:filter_options — Returns positions and teams
smoke	OK	-	-	-	pass	smoke:health — Server healthy (HTTP 200)
smoke	OK	-	-	-	pass	smoke:players_returns_data — Returns 200 players
smoke	OK	-	-	-	pass	smoke:position_filter_qb — All 50 checked are QBs
smoke	OK	-	-	-	pass	smoke:position_filter_wr — All 50 checked are WRs
smoke	OK	-	-	-	pass	smoke:sort_ppr_desc — PPR sort descending is correct
smoke	OK	-	-	-	pass	smoke:season_switch — Single-season DB (2024) — switch test skipped
smoke	OK	-	-	-	pass	smoke:week_filter — Week filter OK: season=17gp, week1=1gp
smoke	OK	-	-	-	pass	smoke:screener_query — Screener returns 10 RBs, all correct
smoke	OK	-	-	-	pass	smoke:no_nan_stats — No NaN/Inf in first 50 players
smoke	OK	-	-	-	pass	smoke:no_negative_stats — No impossible negative values
smoke	OK	-	-	-	pass	smoke:filter_options — Returns positions and teams
smoke-prod	OK	-	-	-	pass	smoke:health — Server healthy (HTTP 200)	100	2026-03-20T18:04
smoke-prod	OK	-	-	-	pass	smoke:players_returns_data — Returns 200 players	100	2026-03-20T18:04
smoke-prod	OK	-	-	-	pass	smoke:position_filter_qb — All 50 checked are QBs	100	2026-03-20T18:04
smoke-prod	OK	-	-	-	pass	smoke:position_filter_wr — All 50 checked are WRs	100	2026-03-20T18:04
smoke-prod	OK	-	-	-	pass	smoke:sort_ppr_desc — PPR sort descending is correct	100	2026-03-20T18:04
smoke-prod	OK	-	-	-	pass	smoke:season_switch — Different seasons return different data	100	2026-03-20T18:04
smoke-prod	OK	-	-	-	pass	smoke:week_filter — Week filter OK: season=16gp, week1=1gp (FUNC-012 FIX VERIFIED)	100	2026-03-20T18:04
smoke-prod	OK	-	-	-	pass	smoke:screener_query — Screener returns 10 RBs, all correct	100	2026-03-20T18:04
smoke-prod	OK	-	-	-	pass	smoke:no_nan_stats — No NaN/Inf in first 50 players	100	2026-03-20T18:04
smoke-prod	OK	-	-	-	pass	smoke:no_negative_stats — No impossible negative values	100	2026-03-20T18:04
smoke-prod	OK	-	-	-	pass	smoke:filter_options — Returns positions and teams	100	2026-03-20T18:04
re-audit-1	OK	-	-	-	pass	re-audit: Flow 1 screener data — Barkley GP=16, RushYds=2005 (was 2504). FUNC-012 RESOLVED.	100	2026-03-20T18:02
re-audit-15	OK	-	-	-	pass	re-audit: Flow 15 game log — Lamar weeks 1-18, 17 GP. No playoff weeks. FUNC-012 RESOLVED.	100	2026-03-20T18:02
re-audit-18	OK	-	-	-	pass	re-audit: Flow 18 dynasty rankings — Nacua GP=16, Robinson GP=17. FUNC-012 RESOLVED.	100	2026-03-20T18:02
re-audit-27	OK	-	-	-	pass	re-audit: Flow 27 weekly heatmap — weeks 1-18 only, Lamar GP=17. FUNC-012 RESOLVED.	100	2026-03-20T18:02
re-audit-62	OK	-	-	-	pass	re-audit: Flow 62 stat leaders — Lamar GP=17, Burrow GP=17, PPG=25.3. FUNC-012 RESOLVED.	100	2026-03-20T18:02
quality-sweep	OK	frontend/lab.js	-	-	pass	Quality sweep crash fixes verified on prod: 9/9 pages 0 JS errors, 0 crashes	100	2026-03-20T17:55
quality-sweep	OK	frontend/aging.html	-	-	pass	Aging curves null guard — page loads clean, 0 errors	100	2026-03-20T17:55
quality-sweep	OK	frontend/strengths.html	-	-	pass	Strengths null guard — page loads clean, 0 errors	100	2026-03-20T17:55
quality-sweep	OK	frontend/league-intel.html	-	-	pass	League Intel H2H null guard — page loads clean, 0 errors	100	2026-03-20T17:55
quality-sweep	OK	backend/server.py	-	-	pass	Rate limits + input clamping verified (auction budget clamps to 50-500, roster 8-25)	100	2026-03-20T17:55
broad-sweep	OK	-	-	-	pass	20/20 key pages on prod: 0 JS errors, 0 crashes post-deploy	100	2026-03-20T18:06
stock-watch	P2	backend/live_data/analytics.py	-	fetch_stock_watch	ticket	FUNC-013: Stock Watch rising WRs are all scrubs (Powell 2PPG, Shenault 2.5PPG) — no min threshold	90	2026-03-20T18:08
buy-sell	P2	backend/live_data/analytics.py	-	fetch_buy_sell_candidates	ticket	FUNC-013: Buy/Sell buy-low WRs are scrubs (Hodge 5PPG A+, Dulin 2PPG A+) — same threshold issue	90	2026-03-20T18:08
smoke	OK	-	-	-	pass	smoke:health — Server healthy (HTTP 200)
smoke	OK	-	-	-	pass	smoke:players_returns_data — Returns 200 players
smoke	OK	-	-	-	pass	smoke:position_filter_qb — All 50 checked are QBs
smoke	OK	-	-	-	pass	smoke:position_filter_wr — All 50 checked are WRs
smoke	OK	-	-	-	pass	smoke:sort_ppr_desc — PPR sort descending is correct
smoke	OK	-	-	-	pass	smoke:season_switch — Single-season DB (2024) — switch test skipped
smoke	OK	-	-	-	pass	smoke:week_filter — Week filter OK: season=17gp, week1=1gp
smoke	OK	-	-	-	pass	smoke:screener_query — Screener returns 10 RBs, all correct
smoke	OK	-	-	-	pass	smoke:no_nan_stats — No NaN/Inf in first 50 players
smoke	OK	-	-	-	pass	smoke:no_negative_stats — No impossible negative values
smoke	OK	-	-	-	pass	smoke:filter_options — Returns positions and teams
smoke	OK	-	-	-	pass	smoke:health — Server healthy (HTTP 200)
smoke	OK	-	-	-	pass	smoke:players_returns_data — Returns 200 players
smoke	OK	-	-	-	pass	smoke:position_filter_qb — All 50 checked are QBs
smoke	OK	-	-	-	pass	smoke:position_filter_wr — All 50 checked are WRs
smoke	OK	-	-	-	pass	smoke:sort_ppr_desc — PPR sort descending is correct
smoke	OK	-	-	-	pass	smoke:season_switch — Single-season DB (2024) — switch test skipped
smoke	OK	-	-	-	pass	smoke:week_filter — Week filter OK: season=17gp, week1=1gp
smoke	OK	-	-	-	pass	smoke:screener_query — Screener returns 10 RBs, all correct
smoke	OK	-	-	-	pass	smoke:no_nan_stats — No NaN/Inf in first 50 players
smoke	OK	-	-	-	pass	smoke:no_negative_stats — No impossible negative values
smoke	OK	-	-	-	pass	smoke:filter_options — Returns positions and teams
smoke	OK	-	-	-	pass	smoke:health — Server healthy (HTTP 200)
smoke	OK	-	-	-	pass	smoke:players_returns_data — Returns 200 players
smoke	OK	-	-	-	pass	smoke:position_filter_qb — All 50 checked are QBs
smoke	OK	-	-	-	pass	smoke:position_filter_wr — All 50 checked are WRs
smoke	OK	-	-	-	pass	smoke:sort_ppr_desc — PPR sort descending is correct
smoke	OK	-	-	-	pass	smoke:season_switch — Different seasons return different data
smoke	OK	-	-	-	pass	smoke:week_filter — Week filter OK: season=16gp, week1=1gp
smoke	OK	-	-	-	pass	smoke:screener_query — Screener returns 10 RBs, all correct
smoke	OK	-	-	-	pass	smoke:no_nan_stats — No NaN/Inf in first 50 players
smoke	OK	-	-	-	pass	smoke:no_negative_stats — No impossible negative values
smoke	OK	-	-	-	pass	smoke:filter_options — Returns positions and teams
smoke	OK	-	-	-	pass	smoke:health — Server healthy (HTTP 200)
smoke	OK	-	-	-	pass	smoke:players_returns_data — Returns 200 players
smoke	OK	-	-	-	pass	smoke:position_filter_qb — All 50 checked are QBs
smoke	OK	-	-	-	pass	smoke:position_filter_wr — All 50 checked are WRs
smoke	OK	-	-	-	pass	smoke:sort_ppr_desc — PPR sort descending is correct
smoke	OK	-	-	-	pass	smoke:season_switch — Single-season DB (2024) — switch test skipped
smoke	OK	-	-	-	pass	smoke:week_filter — Week filter OK: season=17gp, week1=1gp
smoke	OK	-	-	-	pass	smoke:screener_query — Screener returns 10 RBs, all correct
smoke	OK	-	-	-	pass	smoke:no_nan_stats — No NaN/Inf in first 50 players
smoke	OK	-	-	-	pass	smoke:no_negative_stats — No impossible negative values
smoke	OK	-	-	-	pass	smoke:filter_options — Returns positions and teams
smoke	OK	-	-	-	pass	smoke:health — Server healthy (HTTP 200)
smoke	OK	-	-	-	pass	smoke:players_returns_data — Returns 200 players
smoke	OK	-	-	-	pass	smoke:position_filter_qb — All 50 checked are QBs
smoke	OK	-	-	-	pass	smoke:position_filter_wr — All 50 checked are WRs
smoke	OK	-	-	-	pass	smoke:sort_ppr_desc — PPR sort descending is correct
smoke	OK	-	-	-	pass	smoke:season_switch — Single-season DB (2024) — switch test skipped
smoke	OK	-	-	-	pass	smoke:week_filter — Week filter OK: season=17gp, week1=1gp
smoke	OK	-	-	-	pass	smoke:screener_query — Screener returns 10 RBs, all correct
smoke	OK	-	-	-	pass	smoke:no_nan_stats — No NaN/Inf in first 50 players
smoke	OK	-	-	-	pass	smoke:no_negative_stats — No impossible negative values
smoke	OK	-	-	-	pass	smoke:filter_options — Returns positions and teams
smoke-prod	OK	-	-	-	pass	session13:smoke:health — Server healthy (HTTP 200)	100	2026-03-20T22:15
smoke-prod	OK	-	-	-	pass	session13:smoke:players — 200 players returned	100	2026-03-20T22:15
smoke-prod	OK	-	-	-	pass	session13:smoke:position_filter — QB/WR all correct	100	2026-03-20T22:15
smoke-prod	OK	-	-	-	pass	session13:smoke:sort — PPR desc correct	100	2026-03-20T22:15
smoke-prod	OK	-	-	-	pass	session13:smoke:season_switch — Different seasons return different data	100	2026-03-20T22:15
smoke-prod	OK	-	-	-	pass	session13:smoke:week_filter — season=16gp, week1=1gp (FUNC-012 holding)	100	2026-03-20T22:15
smoke-prod	OK	-	-	-	pass	session13:smoke:screener_query — 10 RBs correct	100	2026-03-20T22:15
smoke-prod	OK	-	-	-	pass	session13:smoke:no_nan — No NaN/Inf in 50 players	100	2026-03-20T22:15
smoke-prod	OK	-	-	-	pass	session13:smoke:no_negative — No impossible negatives	100	2026-03-20T22:15
smoke-prod	OK	-	-	-	pass	session13:smoke:filter_options — Returns positions/teams	100	2026-03-20T22:15
re-audit-phaseF	OK	-	-	-	pass	session13: 2025 data verified — CMC 416.6 PPR exact, Nacua 375.0, Bijan 370.8. PPR calc math checked.	100	2026-03-20T22:17
re-audit-phaseF	OK	-	-	-	pass	session13: 2025 QB data — Allen 364.6, Maye 351.96, Stafford 350.38. All PPR calcs match (diffs = INTs+fumbles).	100	2026-03-20T22:17
re-audit-phaseF	OK	-	-	-	pass	session13: Career mode verified — Wilson 2890.14/157GP, Rodgers 2841.24/154GP, Allen 2821.18/126GP.	100	2026-03-20T22:19
re-audit-phaseF	OK	-	-	-	pass	session13: College 2025 data — Pavia/Tennessee 4392 total yds, Brungard/Youngstown 4242. Real college data confirmed.	100	2026-03-20T22:20
re-audit-phaseF	OK	-	-	-	pass	session13: 2026 prospects — 319 prospects, Taylen Green QB1 RPS 72.8, combine data present.	100	2026-03-20T22:20
re-audit-phaseE	OK	-	-	-	pass	session13: Landing page — hero+CTA+live data+Bureau+SitRoom+Pricing. 4 pricing links. 0 JS errors.	100	2026-03-20T22:18
re-audit-phaseE	OK	-	-	-	pass	session13: og:image — All .png (not .svg), width=1200 height=630 on index/lab/agents.	100	2026-03-20T22:19
re-audit-phaseE	OK	-	-	-	pass	session13: Pricing page — trial CTA, 3 tiers, comparison table. 0 JS errors.	100	2026-03-20T22:19
re-audit-phaseE	OK	-	-	-	pass	session13: Nav funnel — Home/Screener/Bureau/Situation Room/Pricing on all pages.	100	2026-03-20T22:18
re-audit-phaseG	P2	render.yaml	15	npx esbuild	ticket	session13: FUNC-014 — lab.js 520KB raw source on prod. Minification step fails silently.	90	2026-03-20T22:19
re-audit-phaseH	OK	-	-	-	pass	session13: BYOK decrypt endpoint returns 404 (removed). Disclosure text present in agents.html.	100	2026-03-20T22:19
re-audit-phaseH	OK	-	-	-	pass	session13: Cloud sync save-only, no load/decrypt button. warroom.js comment confirms.	100	2026-03-20T22:19
js-sweep	OK	-	-	-	pass	session13: 23 pages on prod — 0 JS errors. index/lab/pricing/league-intel/agents + 18 panel pages.	100	2026-03-20T22:20
func-013-check	P2	backend/live_data/analytics.py	-	fetch_stock_watch	open	session13: FUNC-013 still open in 2025 data. Rising WRs: Thrash 2.59PPG, Conner 2.26PPG. Falling: Chase 19.6PPG.	90	2026-03-20T22:18
analytics-2025	OK	-	-	-	pass	session13: Dynasty rankings 2025 — age+production correct. Nacua#1(24.8yr,23.4PPG), Chase#7(26yr,19.6PPG).	100	2026-03-20T22:20
analytics-2025	OK	-	-	-	pass	session13: Weekly heatmap 2025 — weeks 1-18 only, FUNC-012 holding. Allen 16GP, Stafford 17GP.	100	2026-03-20T22:20
analytics-2025	OK	-	-	-	pass	session13: TD regression 2025 — math correct. Stafford +16.5 (sell), Jefferson -5.0 (buy).	100	2026-03-20T22:20
analytics-2025	OK	-	-	-	pass	session13: Breakout candidates 2025 — Cam Ward #1 RBS 66.4, algorithm sound.	100	2026-03-20T22:20
analytics-2025	OK	-	-	-	pass	session13: Efficiency RB 2025 — no NaN/Inf, PPO calcs correct. Gibbs 1.09 PPO A+.	100	2026-03-20T22:20
analytics-2025	OK	-	-	-	pass	session13: Drake Maye (2025 rookie) — full stats present, 17GP, 351.96 PPR. New player data works.	100	2026-03-20T22:20
